create database homework12
use homework12



Create table Person (personId int, firstName varchar(255), lastName varchar(255))
Create table Address (addressId int, personId int, city varchar(255), state varchar(255))
Truncate table Person
insert into Person (personId, lastName, firstName) values ('1', 'Wang', 'Allen')
insert into Person (personId, lastName, firstName) values ('2', 'Alice', 'Bob')
Truncate table Address
insert into Address (addressId, personId, city, state) values ('1', '2', 'New York City', 'New York')
insert into Address (addressId, personId, city, state) values ('2', '3', 'Leetcode', 'California')


---- 1.Ikki jadvalni birlashtirish

SELECT p.firstName,p.lastName,a.city,a.state
FROM Person p
LEFT JOIN Address a ON p.personId = a.personId;






Create table Employee (id int, name varchar(255), salary int, managerId int)
Truncate table Employee
insert into Employee (id, name, salary, managerId) values ('1', 'Joe', '70000', '3')
insert into Employee (id, name, salary, managerId) values ('2', 'Henry', '80000', '4')
insert into Employee (id, name, salary, managerId) values ('3', 'Sam', '60000', NULL)
insert into Employee (id, name, salary, managerId) values ('4', 'Max', '90000', NULL)


-------  2. Employees Earning More Than Their Managers


SELECT e.id , e.name AS Employee, e.salary, e.managerId
FROM Employee e
JOIN Employee m ON e.managerId = m.id
WHERE e.salary > m.salary;



---------------3. Duplicate Emails


Create table Person (id int, email varchar(255)) 
Truncate table Person
insert into Person (id, email) values ('1', 'a@b.com') 
insert into Person (id, email) values ('2', 'c@d.com') 
insert into Person (id, email) values ('3', 'a@b.com')


SELECT email
FROM Person
GROUP BY email
HAVING COUNT(*) > 1;






--------- 4. Delete Duplicate Emails

Create table  Person (id int, email varchar(255)) 
insert into Person (id, email) values ('1', 'a@b.com') 
insert into Person (id, email) values ('2', 'c@d.com') 
insert into Person (id, email) values ('3', 'a@b.com')



Create table Person (id int, email varchar(MAX))

insert into Person (id , email) values ('1' , 'john@example.com' )
insert into Person (id , email) values ('2' , 'bob@example.com' )
insert into Person (id , email) values ('3' , 'john@example.com' )

select * 
FROM Person p1
JOIN Person p2
ON p1.email = p2.email AND p1.id > p2.id;




----------  5. 5. Find those parents who has only girls.




CREATE TABLE boys (
    Id INT PRIMARY KEY,
    name VARCHAR(100),
    ParentName VARCHAR(100)
);

CREATE TABLE girls (
    Id INT PRIMARY KEY,
    name VARCHAR(100),
    ParentName VARCHAR(100)
);

INSERT INTO boys (Id, name, ParentName) 
VALUES 
(1, 'John', 'Michael'),  
(2, 'David', 'James'),   
(3, 'Alex', 'Robert'),   
(4, 'Luke', 'Michael'),  
(5, 'Ethan', 'David'),    
(6, 'Mason', 'George');  


INSERT INTO girls (Id, name, ParentName) 
VALUES 
(1, 'Emma', 'Mike'),  
(2, 'Olivia', 'James'),  
(3, 'Ava', 'Robert'),    
(4, 'Sophia', 'Mike'),  
(5, 'Mia', 'John'),      
(6, 'Isabella', 'Emily'),
(7, 'Charlotte', 'George');

SELECT DISTINCT g.ParentName
FROM girls g
WHERE g.ParentName NOT IN (
    SELECT DISTINCT b.ParentName FROM boys b
);




------- 6. 

select  
ord.custid
,min(ord.freight) as min_weight
--,Orddetail.unitprice
--,Orddetail.qty 
, sum(case when freight>=50 then unitprice*qty
    else 0 end) as Total_Sale
from Sales.Orders as ord
JOIN
[Sales].[OrderDetails] as Orddetail
on ord.orderid=Orddetail.orderid
group by custid
order by custid



-----7. 



GO

CREATE TABLE Cart1
(
Item  VARCHAR(100) PRIMARY KEY
);
GO

CREATE TABLE Cart2
(
Item  VARCHAR(100) PRIMARY KEY
);
GO

INSERT INTO Cart1 (Item) VALUES
('Sugar'),('Bread'),('Juice'),('Soda'),('Flour');
GO

INSERT INTO Cart2 (Item) VALUES
('Sugar'),('Bread'),('Butter'),('Cheese'),('Fruit');
GO


SELECT 
ISNULL(c1.Item, '') AS [Iteam cart 1] ,
ISNULL(c2.Item, '') AS [Iteam card 2]
FROM Cart1 c1
Full Outer JOIN Cart2 c2 
	on c1.Item  = c2.Item 





	----- 8. 


	Create table Customers (id int, name varchar(255))
Create table Orders (id int, customerId int)
Truncate table Customers
insert into Customers (id, name) values ('1', 'Joe')
insert into Customers (id, name) values ('2', 'Henry')
insert into Customers (id, name) values ('3', 'Sam')
insert into Customers (id, name) values ('4', 'Max')
Truncate table Orders
insert into Orders (id, customerId) values ('1', '3')
insert into Orders (id, customerId) values ('2', '1')




Select * from customers c
LEFT JOIN orders o
ON o.customerid=c.id
where o.id is NULL


----- 9.  


Create table Students (student_id int, student_name varchar(20))
Create table Subjects (subject_name varchar(20))
Create table Examinations (student_id int, subject_name varchar(20))
Truncate table Students
insert into Students (student_id, student_name) values ('1', 'Alice')
insert into Students (student_id, student_name) values ('2', 'Bob')
insert into Students (student_id, student_name) values ('13', 'John')
insert into Students (student_id, student_name) values ('6', 'Alex')
Truncate table Subjects
insert into Subjects (subject_name) values ('Math')
insert into Subjects (subject_name) values ('Physics')
insert into Subjects (subject_name) values ('Programming')
Truncate table Examinations
insert into Examinations (student_id, subject_name) values ('1', 'Math')
insert into Examinations (student_id, subject_name) values ('1', 'Physics')
insert into Examinations (student_id, subject_name) values ('1', 'Programming')
insert into Examinations (student_id, subject_name) values ('2', 'Programming')
insert into Examinations (student_id, subject_name) values ('1', 'Physics')
insert into Examinations (student_id, subject_name) values ('1', 'Math')
insert into Examinations (student_id, subject_name) values ('13', 'Math')
insert into Examinations (student_id, subject_name) values ('13', 'Programming')
insert into Examinations (student_id, subject_name) values ('13', 'Physics')
insert into Examinations (student_id, subject_name) values ('2', 'Math')
insert into Examinations (student_id, subject_name) values ('1', 'Math')


SELECT 
    s.student_id,
    s.student_name,
    sub.subject_name,
    COUNT(e.subject_name) AS attended_exams
FROM Students s
CROSS JOIN Subjects sub
LEFT JOIN Examinations e 
    ON s.student_id = e.student_id AND sub.subject_name = e.subject_name
GROUP BY s.student_id, s.student_name, sub.subject_name
ORDER BY s.student_id, sub.subject_name;
